subID,fileID,onset1_transcription_time,onset1_system_time,onset1_frame,offset1_transcription_time,offset1_system_time,offset1_frame,word1,utterances1,source_video_path,source_audio_path,extract_range_onset
5802,__20191206_24543,2009.188755,181.921755,4559,2010.250133,182.983133,4590,cut,you want me to cut it smaller,C:\bell\multiwork\experiment_58\included\__20191206_24543\cam07_frames_p,C:\bell\multiwork\experiment_58\included\__20191206_24543\speech_r\cam05.wav,55718
5802,__20191206_24543,2013.45452,186.18752,4687,2014.707921,187.440921,4724,cut,do you need me to cut it smaller,C:\bell\multiwork\experiment_58\included\__20191206_24543\cam07_frames_p,C:\bell\multiwork\experiment_58\included\__20191206_24543\speech_r\cam05.wav,55718
5804,__20191219_24593,1689.650639,239.517639,6287,1691.228051,241.095051,6334,cut,am i supposed to cut it in half i do not know,C:\bell\multiwork\experiment_58\included\__20191219_24593\cam07_frames_p,C:\bell\multiwork\experiment_58\included\__20191219_24593\speech_r\cam04.wav,44404
5806,__20220626_10023,429.919507,152.986507,3691,431.12305,154.19005,3727,cut,should i cut this in half,C:\bell\multiwork\experiment_58\included\__20220626_10023\cam07_frames_p,C:\bell\multiwork\experiment_58\included\__20220626_10023\speech_r\cam04.wav,9208
5807,__20200221_23185,2122.947854,108.580854,2358,2124.566423,110.199423,2407,cut,i am going to cut the peanut_butter and jelly,C:\bell\multiwork\experiment_58\included\__20200221_23185\cam07_frames_p,C:\bell\multiwork\experiment_58\included\__20200221_23185\speech_r\cam05.wav,61331
5807,__20200221_23185,2198.146583,183.779583,4614,2200.07268,185.70568,4672,cut,you can have some peanut_butter and jelly should i cut it up,C:\bell\multiwork\experiment_58\included\__20200221_23185\cam07_frames_p,C:\bell\multiwork\experiment_58\included\__20200221_23185\speech_r\cam05.wav,61331
5807,__20200221_23185,2303.750136,289.383136,7782,2304.640349,290.273349,7809,cut,i am going to cut this one,C:\bell\multiwork\experiment_58\included\__20200221_23185\cam07_frames_p,C:\bell\multiwork\experiment_58\included\__20200221_23185\speech_r\cam05.wav,61331
5807,__20200221_23185,2371.738139,357.371139,9822,2372.927788,358.560788,9858,cut,okay i will cut this one,C:\bell\multiwork\experiment_58\included\__20200221_23185\cam07_frames_p,C:\bell\multiwork\experiment_58\included\__20200221_23185\speech_r\cam05.wav,61331
5808,__20200227_24641,2210.250439,216.917439,5609,2211.867941,218.534941,5657,cut,i am going to cut it into rectangle this time,C:\bell\multiwork\experiment_58\included\__20200227_24641\cam07_frames_p,C:\bell\multiwork\experiment_58\included\__20200227_24641\speech_r\cam04.wav,60700
5810,__20200303_23518,1652.398779,55.3987790000001,763,1653.099974,56.099974,784,cut,should i cut it,C:\bell\multiwork\experiment_58\included\__20200303_23518\cam07_frames_p,C:\bell\multiwork\experiment_58\included\__20200303_23518\speech_r\cam04_5810.wav,48810
5810,__20200303_23518,1654.331142,57.331142,821,1655.366628,58.366628,852,cut,should i cut the sandwich,C:\bell\multiwork\experiment_58\included\__20200303_23518\cam07_frames_p,C:\bell\multiwork\experiment_58\included\__20200303_23518\speech_r\cam04_5810.wav,48810
5810,__20200303_23518,1656.15751,59.15751,876,1658.138794,61.138794,935,cut,watch mommy is going to cut it in half,C:\bell\multiwork\experiment_58\included\__20200303_23518\cam07_frames_p,C:\bell\multiwork\experiment_58\included\__20200303_23518\speech_r\cam04_5810.wav,48810
5810,__20200303_23518,1731.911037,134.911037,3148,1734.210305,137.210305,3217,cut,i am going to cut cut cut the sandwich,C:\bell\multiwork\experiment_58\included\__20200303_23518\cam07_frames_p,C:\bell\multiwork\experiment_58\included\__20200303_23518\speech_r\cam04_5810.wav,48810
5810,__20200303_23518,1735.025648,138.025648,3242,1736.395424,139.395424,3283,cut,ready i am going to cut it again,C:\bell\multiwork\experiment_58\included\__20200303_23518\cam07_frames_p,C:\bell\multiwork\experiment_58\included\__20200303_23518\speech_r\cam04_5810.wav,48810
5810,__20200303_23518,1860.694479,263.694479,7012,1862.09687,265.09687,7054,cut,we are going to cut it in half okay,C:\bell\multiwork\experiment_58\included\__20200303_23518\cam07_frames_p,C:\bell\multiwork\experiment_58\included\__20200303_23518\speech_r\cam04_5810.wav,48810
5810,__20200303_23518,1962.123161,365.123161,10055,1964.349047,367.349047,10121,cut,ready i am going to cut it in half okay oh,C:\bell\multiwork\experiment_58\included\__20200303_23518\cam07_frames_p,C:\bell\multiwork\experiment_58\included\__20200303_23518\speech_r\cam04_5810.wav,48810
5813,__20211209_10011,162.651522,83.051522,1593,164.561363,84.961363,1650,cut,yes looks good let us cut it up,C:\bell\multiwork\experiment_58\included\__20211209_10011\cam07_frames_p,C:\bell\multiwork\experiment_58\included\__20211209_10011\speech_r\cam03.wav,3288
5813,__20211209_10011,398.032202,318.432202,8654,399.106125,319.506125,8686,cut,cut it up,C:\bell\multiwork\experiment_58\included\__20211209_10011\cam07_frames_p,C:\bell\multiwork\experiment_58\included\__20211209_10011\speech_r\cam03.wav,3288
5813,__20211209_10011,468.348029,388.748029,10763,470.902224,391.302224,10840,cut,speechx on here cut it in half,C:\bell\multiwork\experiment_58\included\__20211209_10011\cam07_frames_p,C:\bell\multiwork\experiment_58\included\__20211209_10011\speech_r\cam03.wav,3288
5814,__20211213_10008,97.111517,124.544517,2837,97.513949,124.946949,2849,cut,cut it,C:\bell\multiwork\experiment_58\included\__20211213_10008\cam07_frames_p,C:\bell\multiwork\experiment_58\included\__20211213_10008\speech_r\cam03.wav,77
5814,__20211213_10008,160.017372,187.450372,4725,161.052197,188.485197,4756,cut,and then you cut them,C:\bell\multiwork\experiment_58\included\__20211213_10008\cam07_frames_p,C:\bell\multiwork\experiment_58\included\__20211213_10008\speech_r\cam03.wav,77
5814,__20211213_10008,262.142254,289.575254,7788,264.390009,291.823009,7856,cut,we got to cut it in half so will we got two piece again,C:\bell\multiwork\experiment_58\included\__20211213_10008\cam07_frames_p,C:\bell\multiwork\experiment_58\included\__20211213_10008\speech_r\cam03.wav,77
5814,__20211213_10008,319.025885,346.458885,9495,320.781642,348.214642,9547,cut,that is one more but i cut it in half,C:\bell\multiwork\experiment_58\included\__20211213_10008\cam07_frames_p,C:\bell\multiwork\experiment_58\included\__20211213_10008\speech_r\cam03.wav,77
5814,__20211213_10008,322.619399,350.052399,9603,323.482807,350.915807,9628,cut,we should cut it in half,C:\bell\multiwork\experiment_58\included\__20211213_10008\cam07_frames_p,C:\bell\multiwork\experiment_58\included\__20211213_10008\speech_r\cam03.wav,77
5816,__20220316_10015,82.025986,111.992986,2461,82.93682,112.90382,2488,cut,you want me to cut it,C:\bell\multiwork\experiment_58\included\__20220316_10015\cam07_frames_p,C:\bell\multiwork\experiment_58\included\__20220316_10015\speech_r\cam03.wav,1
5816,__20220316_10015,151.392085,181.359085,4542,151.64947,181.61647,4549,cut,cut,C:\bell\multiwork\experiment_58\included\__20220316_10015\cam07_frames_p,C:\bell\multiwork\experiment_58\included\__20220316_10015\speech_r\cam03.wav,1
5816,__20220316_10015,154.013348,183.980348,4620,154.584562,184.551562,4638,cut,you want me to cut,C:\bell\multiwork\experiment_58\included\__20220316_10015\cam07_frames_p,C:\bell\multiwork\experiment_58\included\__20220316_10015\speech_r\cam03.wav,1
5816,__20220316_10015,313.797057,343.764057,9414,314.908953,344.875953,9447,cut,i am going to cut it oh,C:\bell\multiwork\experiment_58\included\__20220316_10015\cam07_frames_p,C:\bell\multiwork\experiment_58\included\__20220316_10015\speech_r\cam03.wav,1
5824,__20221016_10037,69.180572,99.180572,2076,70.920291,100.920291,2129,cut,and then we are going to cut it in half,C:\bell\multiwork\experiment_58\included\__20221016_10037\cam07_frames_p,C:\bell\multiwork\experiment_58\included\__20221016_10037\speech_r\cam03.wav,0
5825,__20221023_10035,304.652717,68.619717,1160,305.963214,69.930214,1199,cut,yes and then i am going to cut it,C:\bell\multiwork\experiment_58\included\__20221023_10035\cam07_frames_p,C:\bell\multiwork\experiment_58\included\__20221023_10035\speech_r\cam04.wav,7981
5825,__20221023_10035,412.519085,176.486085,4396,414.191529,178.158529,4446,cut,oh good cut it,C:\bell\multiwork\experiment_58\included\__20221023_10035\cam07_frames_p,C:\bell\multiwork\experiment_58\included\__20221023_10035\speech_r\cam04.wav,7981
5825,__20221023_10035,419.595768,183.562768,4608,422.073231,186.040231,4682,cut,cut cut cut cut and then we have two piece,C:\bell\multiwork\experiment_58\included\__20221023_10035\cam07_frames_p,C:\bell\multiwork\experiment_58\included\__20221023_10035\speech_r\cam04.wav,7981
5810,__20200303_23518,2000.45244,403.45244,11205,2004.887906,407.887906,11338,close,you think they are sticky i am going to close up the bread and then i will come wipe down your hand okay,C:\bell\multiwork\experiment_58\included\__20200303_23518\cam07_frames_p,C:\bell\multiwork\experiment_58\included\__20200303_23518\speech_r\cam04_5810.wav,48810
5817,__20220325_10016,148.423394,178.423394,4454,149.569076,179.569076,4488,close,and then we close it up,C:\bell\multiwork\experiment_58\included\__20220325_10016\cam07_frames_p,C:\bell\multiwork\experiment_58\included\__20220325_10016\speech_r\cam03.wav,0
5825,__20221023_10035,449.793359,213.760359,5514,450.610859,214.577859,5538,close,close that,C:\bell\multiwork\experiment_58\included\__20221023_10035\cam07_frames_p,C:\bell\multiwork\experiment_58\included\__20221023_10035\speech_r\cam04.wav,7981
5810,__20200303_23518,1869.858936,272.858936,7287,1873.079541,276.079541,7383,drink,got two sandwich over here mommy is going to pour a drink,C:\bell\multiwork\experiment_58\included\__20200303_23518\cam07_frames_p,C:\bell\multiwork\experiment_58\included\__20200303_23518\speech_r\cam04_5810.wav,48810
5810,__20200303_23518,1886.567261,289.567261,7788,1891.359533,294.359533,7932,drink,you think i should take a drink oh it is very hard making peanut_butter and jelly sandwich,C:\bell\multiwork\experiment_58\included\__20200303_23518\cam07_frames_p,C:\bell\multiwork\experiment_58\included\__20200303_23518\speech_r\cam04_5810.wav,48810
5817,__20220325_10016,282.044018,312.044018,8462,282.843399,312.843399,8486,drink,drink some water,C:\bell\multiwork\experiment_58\included\__20220325_10016\cam07_frames_p,C:\bell\multiwork\experiment_58\included\__20220325_10016\speech_r\cam03.wav,0
5824,__20221016_10037,341.03244,371.03244,10232,341.765579,371.765579,10254,drink,you can drink it,C:\bell\multiwork\experiment_58\included\__20221016_10037\cam07_frames_p,C:\bell\multiwork\experiment_58\included\__20221016_10037\speech_r\cam03.wav,0
5801,__20191122_24290,1666.493256,130.460256,3015,1668.360445,132.327445,3071,eat,i know that is how you eat your sandwich is not it,C:\bell\multiwork\experiment_58\included\__20191122_24290\cam07_frames_p,C:\bell\multiwork\experiment_58\included\__20191122_24290\speech_r\cam04.wav,46981
5801,__20191122_24290,1690.557611,154.524611,3737,1691.606758,155.573758,3768,eat,yummy yummy yummy eat it,C:\bell\multiwork\experiment_58\included\__20191122_24290\cam07_frames_p,C:\bell\multiwork\experiment_58\included\__20191122_24290\speech_r\cam04.wav,46981
5801,__20191122_24290,1868.358711,332.325711,9071,1869.063033,333.030033,9092,eat,quick eat this piece,C:\bell\multiwork\experiment_58\included\__20191122_24290\cam07_frames_p,C:\bell\multiwork\experiment_58\included\__20191122_24290\speech_r\cam04.wav,46981
5801,__20191122_24290,1882.569886,346.536886,9497,1883.597023,347.564023,9528,eat,now we eat all this,C:\bell\multiwork\experiment_58\included\__20191122_24290\cam07_frames_p,C:\bell\multiwork\experiment_58\included\__20191122_24290\speech_r\cam04.wav,46981
5802,__20191206_24543,1924.187531,96.920531,2009,1927.978168,100.711168,2122,eat,oh this is fancy you never get to eat anything like this,C:\bell\multiwork\experiment_58\included\__20191206_24543\cam07_frames_p,C:\bell\multiwork\experiment_58\included\__20191206_24543\speech_r\cam05.wav,55718
5802,__20191206_24543,1930.222224,102.955224,2190,1932.193355,104.926355,2249,eat,you never get to eat anything like this,C:\bell\multiwork\experiment_58\included\__20191206_24543\cam07_frames_p,C:\bell\multiwork\experiment_58\included\__20191206_24543\speech_r\cam05.wav,55718
5802,__20191206_24543,1934.01286,106.74586,2303,1938.743574,111.476574,2445,eat,and i am going to give you the two half of the sandwich and you are going to eat them and i cannot wait to see you do this,C:\bell\multiwork\experiment_58\included\__20191206_24543\cam07_frames_p,C:\bell\multiwork\experiment_58\included\__20191206_24543\speech_r\cam05.wav,55718
5802,__20191206_24543,2000.910006,173.643006,4310,2001.668133,174.401133,4333,eat,you can eat it,C:\bell\multiwork\experiment_58\included\__20191206_24543\cam07_frames_p,C:\bell\multiwork\experiment_58\included\__20191206_24543\speech_r\cam05.wav,55718
5802,__20191206_24543,2021.500741,194.233741,4928,2022.137568,194.870568,4947,eat,you going to eat it,C:\bell\multiwork\experiment_58\included\__20191206_24543\cam07_frames_p,C:\bell\multiwork\experiment_58\included\__20191206_24543\speech_r\cam05.wav,55718
5802,__20191206_24543,2053.633037,226.366037,5892,2056.920445,229.653445,5991,eat,what if i if i make one and i eat it will you eat your,C:\bell\multiwork\experiment_58\included\__20191206_24543\cam07_frames_p,C:\bell\multiwork\experiment_58\included\__20191206_24543\speech_r\cam05.wav,55718
5802,__20191206_24543,2243.05584,415.78884,11575,2243.800458,416.533458,11597,eat,you can eat it,C:\bell\multiwork\experiment_58\included\__20191206_24543\cam07_frames_p,C:\bell\multiwork\experiment_58\included\__20191206_24543\speech_r\cam05.wav,55718
5802,__20191206_24543,2244.244385,416.977385,11610,2244.996645,417.729645,11633,eat,do you want to eat it,C:\bell\multiwork\experiment_58\included\__20191206_24543\cam07_frames_p,C:\bell\multiwork\experiment_58\included\__20191206_24543\speech_r\cam05.wav,55718
5802,__20191206_24543,2319.605996,492.338996,13871,2320.458047,493.191047,13897,eat,you want to eat it,C:\bell\multiwork\experiment_58\included\__20191206_24543\cam07_frames_p,C:\bell\multiwork\experiment_58\included\__20191206_24543\speech_r\cam05.wav,55718
5802,__20191206_24543,2323.296025,496.029025,13982,2324.084477,496.817477,14006,eat,do you want to eat it,C:\bell\multiwork\experiment_58\included\__20191206_24543\cam07_frames_p,C:\bell\multiwork\experiment_58\included\__20191206_24543\speech_r\cam05.wav,55718
5802,__20191206_24543,2331.846068,504.579068,14238,2333.812914,506.545914,14297,eat,oh do you want to eat it,C:\bell\multiwork\experiment_58\included\__20191206_24543\cam07_frames_p,C:\bell\multiwork\experiment_58\included\__20191206_24543\speech_r\cam05.wav,55718
5802,__20191206_24543,2335.000684,507.733684,14333,2336.156008,508.889008,14368,eat,yes you can eat it,C:\bell\multiwork\experiment_58\included\__20191206_24543\cam07_frames_p,C:\bell\multiwork\experiment_58\included\__20191206_24543\speech_r\cam05.wav,55718
5804,__20191219_24593,1621.812097,171.679097,4251,1622.492806,172.359806,4272,eat,are you going to eat it,C:\bell\multiwork\experiment_58\included\__20191219_24593\cam07_frames_p,C:\bell\multiwork\experiment_58\included\__20191219_24593\speech_r\cam04.wav,44404
5804,__20191219_24593,1634.523028,184.390028,4633,1635.112103,184.979103,4650,eat,you can eat it,C:\bell\multiwork\experiment_58\included\__20191219_24593\cam07_frames_p,C:\bell\multiwork\experiment_58\included\__20191219_24593\speech_r\cam04.wav,44404
5805,__20200120_24131,1815.17131,285.30431,7660,1817.440268,287.573268,7728,eat,mmm you are doing a good job eating,C:\bell\multiwork\experiment_58\included\__20200120_24131\cam07_frames_p,C:\bell\multiwork\experiment_58\included\__20200120_24131\speech_r\cam04.wav,46796
5806,__20220626_10023,329.705833,52.772833,684,330.282635,53.349635,701,eat,are you eating it,C:\bell\multiwork\experiment_58\included\__20220626_10023\cam07_frames_p,C:\bell\multiwork\experiment_58\included\__20220626_10023\speech_r\cam04.wav,9208
5806,__20220626_10023,349.052411,72.119411,1265,350.533118,73.600118,1309,eat,eat this then i will put some more on it,C:\bell\multiwork\experiment_58\included\__20220626_10023\cam07_frames_p,C:\bell\multiwork\experiment_58\included\__20220626_10023\speech_r\cam04.wav,9208
5806,__20220626_10023,420.598292,143.665292,3411,421.76438,144.83138,3446,eat,you just eating the jelly,C:\bell\multiwork\experiment_58\included\__20220626_10023\cam07_frames_p,C:\bell\multiwork\experiment_58\included\__20220626_10023\speech_r\cam04.wav,9208
5810,__20200303_23518,1787.020077,190.020077,4802,1788.031103,191.031103,4832,eat,are you eating,C:\bell\multiwork\experiment_58\included\__20200303_23518\cam07_frames_p,C:\bell\multiwork\experiment_58\included\__20200303_23518\speech_r\cam04_5810.wav,48810
5810,__20200303_23518,1956.008087,359.008087,9871,1959.041164,362.041164,9962,eat,are you eating bread with peanut_butter and jelly,C:\bell\multiwork\experiment_58\included\__20200303_23518\cam07_frames_p,C:\bell\multiwork\experiment_58\included\__20200303_23518\speech_r\cam04_5810.wav,48810
5811,__20200306_24498,1201.093756,95.5607560000001,1968,1202.080273,96.5472730000001,1997,eat,because you can not eat them,C:\bell\multiwork\experiment_58\included\__20200306_24498\cam07_frames_p,C:\bell\multiwork\experiment_58\included\__20200306_24498\speech_r\cam04.wav,34066
5812,__20200309_24826,1001.352685,176.619685,4400,1005.604351,180.871351,4527,eat,you can eat your sandwich if you want to eat your sandwich oops do not touch that do not touch it nope nope nope,C:\bell\multiwork\experiment_58\included\__20200309_24826\cam07_frames_p,C:\bell\multiwork\experiment_58\included\__20200309_24826\speech_r\cam04.wav,25642
5812,__20200309_24826,1006.597589,181.864589,4557,1007.508711,182.775711,4584,eat,you can eat your sandwich,C:\bell\multiwork\experiment_58\included\__20200309_24826\cam07_frames_p,C:\bell\multiwork\experiment_58\included\__20200309_24826\speech_r\cam04.wav,25642
5814,__20211213_10008,43.346614,70.779614,1224,44.346391,71.779391,1254,eat,here you go eat that,C:\bell\multiwork\experiment_58\included\__20211213_10008\cam07_frames_p,C:\bell\multiwork\experiment_58\included\__20211213_10008\speech_r\cam03.wav,77
5814,__20211213_10008,146.403676,173.836676,4316,147.704524,175.137524,4355,eat,eat your bread just like that,C:\bell\multiwork\experiment_58\included\__20211213_10008\cam07_frames_p,C:\bell\multiwork\experiment_58\included\__20211213_10008\speech_r\cam03.wav,77
5815,__20220314_10020,154.853807,184.820807,4646,155.632638,185.599638,4669,eat,are you going to eat it,C:\bell\multiwork\experiment_58\included\__20220314_10020\cam07_frames_p,C:\bell\multiwork\experiment_58\included\__20220314_10020\speech_r\cam03.wav,1
5816,__20220316_10015,136.806931,166.773931,4104,138.667329,168.634329,4160,eat,can you remember you do not eat it a lot,C:\bell\multiwork\experiment_58\included\__20220316_10015\cam07_frames_p,C:\bell\multiwork\experiment_58\included\__20220316_10015\speech_r\cam03.wav,1
5816,__20220316_10015,382.686191,412.653191,11481,383.509818,413.476818,11505,eat,do you want to eat some,C:\bell\multiwork\experiment_58\included\__20220316_10015\cam07_frames_p,C:\bell\multiwork\experiment_58\included\__20220316_10015\speech_r\cam03.wav,1
5816,__20220316_10015,388.737428,418.704428,11662,389.980135,419.947135,11699,eat,you want mommy to eat it up,C:\bell\multiwork\experiment_58\included\__20220316_10015\cam07_frames_p,C:\bell\multiwork\experiment_58\included\__20220316_10015\speech_r\cam03.wav,1
5816,__20220316_10015,393.657388,423.624388,11810,394.732948,424.699948,11842,eat,babyname you can eat some,C:\bell\multiwork\experiment_58\included\__20220316_10015\cam07_frames_p,C:\bell\multiwork\experiment_58\included\__20220316_10015\speech_r\cam03.wav,1
5817,__20220325_10016,257.505636,287.505636,7726,258.70615,288.70615,7762,eat,you can eat the sandwich,C:\bell\multiwork\experiment_58\included\__20220325_10016\cam07_frames_p,C:\bell\multiwork\experiment_58\included\__20220325_10016\speech_r\cam03.wav,0
5825,__20221023_10035,443.502974,207.469974,5325,445.755781,209.722781,5393,eat,do you want anymore sandwich or are you all done eating yours,C:\bell\multiwork\experiment_58\included\__20221023_10035\cam07_frames_p,C:\bell\multiwork\experiment_58\included\__20221023_10035\speech_r\cam04.wav,7981
5826,__20221028_10032,335.700261,365.700261,10072,337.275823,367.275823,10119,eat,did you know your speechx eats it like,C:\bell\multiwork\experiment_58\included\__20221028_10032\cam07_frames_p,C:\bell\multiwork\experiment_58\included\__20221028_10032\speech_r\cam03.wav,0
5802,__20191206_24543,1924.187531,96.920531,2009,1927.978168,100.711168,2122,get,oh this is fancy you never get to eat anything like this,C:\bell\multiwork\experiment_58\included\__20191206_24543\cam07_frames_p,C:\bell\multiwork\experiment_58\included\__20191206_24543\speech_r\cam05.wav,55718
5802,__20191206_24543,1930.222224,102.955224,2190,1932.193355,104.926355,2249,get,you never get to eat anything like this,C:\bell\multiwork\experiment_58\included\__20191206_24543\cam07_frames_p,C:\bell\multiwork\experiment_58\included\__20191206_24543\speech_r\cam05.wav,55718
5805,__20200120_24131,1580.07194,50.2049400000001,607,1581.399026,51.5320260000001,647,get,yes i will get you one,C:\bell\multiwork\experiment_58\included\__20200120_24131\cam07_frames_p,C:\bell\multiwork\experiment_58\included\__20200120_24131\speech_r\cam04.wav,46796
5807,__20200221_23185,2070.92604,56.5590399999999,798,2074.76205,60.3950499999999,913,get,oh is it a big plate i do not think you are going to get the big plate but do you want a sandwich,C:\bell\multiwork\experiment_58\included\__20200221_23185\cam07_frames_p,C:\bell\multiwork\experiment_58\included\__20200221_23185\speech_r\cam05.wav,61331
5807,__20200221_23185,2183.021053,168.654053,4161,2184.874315,170.507315,4216,get,yes you get to use it today,C:\bell\multiwork\experiment_58\included\__20200221_23185\cam07_frames_p,C:\bell\multiwork\experiment_58\included\__20200221_23185\speech_r\cam05.wav,61331
5812,__20200309_24826,872.398517,47.665517,531,873.078101,48.345101,551,get,got to get the jelly,C:\bell\multiwork\experiment_58\included\__20200309_24826\cam07_frames_p,C:\bell\multiwork\experiment_58\included\__20200309_24826\speech_r\cam04.wav,25642
5813,__20211209_10011,394.801726,315.201726,8557,396.850887,317.250887,8619,get,here is your sandwich you get another one,C:\bell\multiwork\experiment_58\included\__20211209_10011\cam07_frames_p,C:\bell\multiwork\experiment_58\included\__20211209_10011\speech_r\cam03.wav,3288
5814,__20211213_10008,40.817043,68.250043,1149,42.104825,69.537825,1187,get,i think i will get the peanut_butter,C:\bell\multiwork\experiment_58\included\__20211213_10008\cam07_frames_p,C:\bell\multiwork\experiment_58\included\__20211213_10008\speech_r\cam03.wav,77
5814,__20211213_10008,61.81249,89.24549,1778,63.732665,91.165665,1836,get,just like that and now we get the jelly,C:\bell\multiwork\experiment_58\included\__20211213_10008\cam07_frames_p,C:\bell\multiwork\experiment_58\included\__20211213_10008\speech_r\cam03.wav,77
5814,__20211213_10008,75.023754,102.456754,2175,75.667645,103.100645,2194,get,get some jelly,C:\bell\multiwork\experiment_58\included\__20211213_10008\cam07_frames_p,C:\bell\multiwork\experiment_58\included\__20211213_10008\speech_r\cam03.wav,77
5815,__20220314_10020,159.63249,189.59949,4789,160.828552,190.795552,4825,get,yes get some water,C:\bell\multiwork\experiment_58\included\__20220314_10020\cam07_frames_p,C:\bell\multiwork\experiment_58\included\__20220314_10020\speech_r\cam03.wav,1
5816,__20220316_10015,181.941885,211.908885,5458,184.411878,214.378878,5532,get,oh i get you up in a minute can you say wait,C:\bell\multiwork\experiment_58\included\__20220316_10015\cam07_frames_p,C:\bell\multiwork\experiment_58\included\__20220316_10015\speech_r\cam03.wav,1
5816,__20220316_10015,417.557107,447.524107,12527,419.255232,449.222232,12578,get,oh thank you hold on i come get it,C:\bell\multiwork\experiment_58\included\__20220316_10015\cam07_frames_p,C:\bell\multiwork\experiment_58\included\__20220316_10015\speech_r\cam03.wav,1
5816,__20220316_10015,420.185446,450.152446,12606,420.943667,450.910667,12628,get,mommy come get it,C:\bell\multiwork\experiment_58\included\__20220316_10015\cam07_frames_p,C:\bell\multiwork\experiment_58\included\__20220316_10015\speech_r\cam03.wav,1
5817,__20220325_10016,116.394722,146.394722,3493,120.133893,150.133893,3605,get,get some out of the jar and we are going to spread that,C:\bell\multiwork\experiment_58\included\__20220325_10016\cam07_frames_p,C:\bell\multiwork\experiment_58\included\__20220325_10016\speech_r\cam03.wav,0
5824,__20221016_10037,48.601165,78.601165,1459,50.257662,80.257662,1509,get,i am going to get the jam,C:\bell\multiwork\experiment_58\included\__20221016_10037\cam07_frames_p,C:\bell\multiwork\experiment_58\included\__20221016_10037\speech_r\cam03.wav,0
5824,__20221016_10037,90.600117,120.600117,2719,91.943544,121.943544,2759,get,yep and we get the bread,C:\bell\multiwork\experiment_58\included\__20221016_10037\cam07_frames_p,C:\bell\multiwork\experiment_58\included\__20221016_10037\speech_r\cam03.wav,0
5824,__20221016_10037,123.413036,153.413036,3703,125.150774,155.150774,3756,get,this might be all the sugar you get today,C:\bell\multiwork\experiment_58\included\__20221016_10037\cam07_frames_p,C:\bell\multiwork\experiment_58\included\__20221016_10037\speech_r\cam03.wav,0
5824,__20221016_10037,150.84432,180.84432,4526,152.726704,182.726704,4583,get,let us see let us get you some more peanut,C:\bell\multiwork\experiment_58\included\__20221016_10037\cam07_frames_p,C:\bell\multiwork\experiment_58\included\__20221016_10037\speech_r\cam03.wav,0
5813,__20211209_10011,109.698415,30.098415,4,110.615603,31.015603,31,grab,grab another,C:\bell\multiwork\experiment_58\included\__20211209_10011\cam07_frames_p,C:\bell\multiwork\experiment_58\included\__20211209_10011\speech_r\cam03.wav,3288
5813,__20211209_10011,132.024401,52.424401,674,133.458234,53.858234,717,grab,okay grab more jelly,C:\bell\multiwork\experiment_58\included\__20211209_10011\cam07_frames_p,C:\bell\multiwork\experiment_58\included\__20211209_10011\speech_r\cam03.wav,3288
5802,__20191206_24543,2171.039516,343.772516,9414,2171.30668,344.03968,9422,look,look,C:\bell\multiwork\experiment_58\included\__20191206_24543\cam07_frames_p,C:\bell\multiwork\experiment_58\included\__20191206_24543\speech_r\cam05.wav,55718
5802,__20191206_24543,2181.897241,354.630241,9740,2183.52769,356.26069,9789,look,look at that speechx,C:\bell\multiwork\experiment_58\included\__20191206_24543\cam07_frames_p,C:\bell\multiwork\experiment_58\included\__20191206_24543\speech_r\cam05.wav,55718
5803,__20191217_24596,1448.454358,192.221358,4868,1448.723447,192.490447,4876,look,look,C:\bell\multiwork\experiment_58\included\__20191217_24596\cam07_frames_p,C:\bell\multiwork\experiment_58\included\__20191217_24596\speech_r\cam04.wav,38587
5804,__20191219_24593,1624.623294,174.490294,4336,1626.269431,176.136431,4385,look,tear it into piece for you here look,C:\bell\multiwork\experiment_58\included\__20191219_24593\cam07_frames_p,C:\bell\multiwork\experiment_58\included\__20191219_24593\speech_r\cam04.wav,44404
5810,__20200303_23518,1641.962387,44.962387,450,1644.008898,47.008898,511,look,oh look at that,C:\bell\multiwork\experiment_58\included\__20200303_23518\cam07_frames_p,C:\bell\multiwork\experiment_58\included\__20200303_23518\speech_r\cam04_5810.wav,48810
5810,__20200303_23518,1644.995463,47.995463,541,1646.944133,49.944133,599,look,does this look like a tasty sandwich,C:\bell\multiwork\experiment_58\included\__20200303_23518\cam07_frames_p,C:\bell\multiwork\experiment_58\included\__20200303_23518\speech_r\cam04_5810.wav,48810
5810,__20200303_23518,1662.386732,65.3867319999999,1063,1662.859631,65.859631,1077,look,look,C:\bell\multiwork\experiment_58\included\__20200303_23518\cam07_frames_p,C:\bell\multiwork\experiment_58\included\__20200303_23518\speech_r\cam04_5810.wav,48810
5810,__20200303_23518,1829.951941,232.951941,6090,1830.983377,233.983377,6121,look,look at that,C:\bell\multiwork\experiment_58\included\__20200303_23518\cam07_frames_p,C:\bell\multiwork\experiment_58\included\__20200303_23518\speech_r\cam04_5810.wav,48810
5810,__20200303_23518,1965.172544,368.172544,10146,1965.955273,368.955273,10170,look,look at that,C:\bell\multiwork\experiment_58\included\__20200303_23518\cam07_frames_p,C:\bell\multiwork\experiment_58\included\__20200303_23518\speech_r\cam04_5810.wav,48810
5810,__20200303_23518,1967.292436,370.292436,10210,1972.168188,375.168188,10356,look,more bread you got it right in front of you you might not see it look i got two more half,C:\bell\multiwork\experiment_58\included\__20200303_23518\cam07_frames_p,C:\bell\multiwork\experiment_58\included\__20200303_23518\speech_r\cam04_5810.wav,48810
5813,__20211209_10011,115.091249,35.491249,166,115.915558,36.315558,190,look,looks good oh,C:\bell\multiwork\experiment_58\included\__20211209_10011\cam07_frames_p,C:\bell\multiwork\experiment_58\included\__20211209_10011\speech_r\cam03.wav,3288
5813,__20211209_10011,162.651522,83.051522,1593,164.561363,84.961363,1650,look,yes looks good let us cut it up,C:\bell\multiwork\experiment_58\included\__20211209_10011\cam07_frames_p,C:\bell\multiwork\experiment_58\included\__20211209_10011\speech_r\cam03.wav,3288
5814,__20211213_10008,12.830778,40.263778,309,14.750953,42.183953,367,look,oh look at the twistie tie,C:\bell\multiwork\experiment_58\included\__20211213_10008\cam07_frames_p,C:\bell\multiwork\experiment_58\included\__20211213_10008\speech_r\cam03.wav,77
5814,__20211213_10008,17.590973,45.023973,452,19.186973,46.619973,500,look,two slice of bread look,C:\bell\multiwork\experiment_58\included\__20211213_10008\cam07_frames_p,C:\bell\multiwork\experiment_58\included\__20211213_10008\speech_r\cam03.wav,77
5814,__20211213_10008,48.819688,76.252688,1389,52.821011,80.254011,1509,look,does that not smell good here you take a knife and you put on huh look at this,C:\bell\multiwork\experiment_58\included\__20211213_10008\cam07_frames_p,C:\bell\multiwork\experiment_58\included\__20211213_10008\speech_r\cam03.wav,77
5814,__20211213_10008,82.026069,109.459069,2385,86.089031,113.522031,2507,look,oh spread it spread it spread oh spread it look at that,C:\bell\multiwork\experiment_58\included\__20211213_10008\cam07_frames_p,C:\bell\multiwork\experiment_58\included\__20211213_10008\speech_r\cam03.wav,77
5814,__20211213_10008,309.576633,337.009633,9211,310.951333,338.384333,9253,look,look speechx,C:\bell\multiwork\experiment_58\included\__20211213_10008\cam07_frames_p,C:\bell\multiwork\experiment_58\included\__20211213_10008\speech_r\cam03.wav,77
5814,__20211213_10008,312.417679,339.850679,9297,315.022374,342.455374,9375,look,oh look at that langplayx that means you are happy,C:\bell\multiwork\experiment_58\included\__20211213_10008\cam07_frames_p,C:\bell\multiwork\experiment_58\included\__20211213_10008\speech_r\cam03.wav,77
5815,__20220314_10020,77.621611,107.588611,2329,78.600713,108.567713,2358,look,look at that,C:\bell\multiwork\experiment_58\included\__20220314_10020\cam07_frames_p,C:\bell\multiwork\experiment_58\included\__20220314_10020\speech_r\cam03.wav,1
5815,__20220314_10020,85.743704,115.710704,2572,87.101094,117.068094,2613,look,oh look baby,C:\bell\multiwork\experiment_58\included\__20220314_10020\cam07_frames_p,C:\bell\multiwork\experiment_58\included\__20220314_10020\speech_r\cam03.wav,1
5816,__20220316_10015,170.926256,200.893256,5128,171.919672,201.886672,5158,look,what are you looking at,C:\bell\multiwork\experiment_58\included\__20220316_10015\cam07_frames_p,C:\bell\multiwork\experiment_58\included\__20220316_10015\speech_r\cam03.wav,1
5816,__20220316_10015,315.67202,345.63902,9470,316.410861,346.377861,9492,look,do you want to look at it,C:\bell\multiwork\experiment_58\included\__20220316_10015\cam07_frames_p,C:\bell\multiwork\experiment_58\included\__20220316_10015\speech_r\cam03.wav,1
5824,__20221016_10037,3.861859,33.861859,117,5.094325,35.094325,154,look,look we have got bread,C:\bell\multiwork\experiment_58\included\__20221016_10037\cam07_frames_p,C:\bell\multiwork\experiment_58\included\__20221016_10037\speech_r\cam03.wav,0
5824,__20221016_10037,51.592637,81.592637,1549,53.794295,83.794295,1615,look,oh that look good,C:\bell\multiwork\experiment_58\included\__20221016_10037\cam07_frames_p,C:\bell\multiwork\experiment_58\included\__20221016_10037\speech_r\cam03.wav,0
5824,__20221016_10037,78.136755,108.136755,2345,78.394345,108.394345,2353,look,look,C:\bell\multiwork\experiment_58\included\__20221016_10037\cam07_frames_p,C:\bell\multiwork\experiment_58\included\__20221016_10037\speech_r\cam03.wav,0
5824,__20221016_10037,103.655933,133.655933,3111,104.660532,134.660532,3141,look,do you think that looks good,C:\bell\multiwork\experiment_58\included\__20221016_10037\cam07_frames_p,C:\bell\multiwork\experiment_58\included\__20221016_10037\speech_r\cam03.wav,0
5824,__20221016_10037,111.379651,141.379651,3342,113.204572,143.204572,3397,look,yes you like that does that look good,C:\bell\multiwork\experiment_58\included\__20221016_10037\cam07_frames_p,C:\bell\multiwork\experiment_58\included\__20221016_10037\speech_r\cam03.wav,0
5824,__20221016_10037,127.776203,157.776203,3834,128.652007,158.652007,3861,look,does it look good,C:\bell\multiwork\experiment_58\included\__20221016_10037\cam07_frames_p,C:\bell\multiwork\experiment_58\included\__20221016_10037\speech_r\cam03.wav,0
5824,__20221016_10037,364.742548,394.742548,10943,366.299973,396.299973,10990,look,look at all of our sandwich,C:\bell\multiwork\experiment_58\included\__20221016_10037\cam07_frames_p,C:\bell\multiwork\experiment_58\included\__20221016_10037\speech_r\cam03.wav,0
5825,__20221023_10035,286.143509,50.110509,604,286.661468,50.628468,620,look,speechx look,C:\bell\multiwork\experiment_58\included\__20221023_10035\cam07_frames_p,C:\bell\multiwork\experiment_58\included\__20221023_10035\speech_r\cam04.wav,7981
5826,__20221028_10032,227.074087,257.074087,6813,227.402827,257.402827,6823,look,look,C:\bell\multiwork\experiment_58\included\__20221028_10032\cam07_frames_p,C:\bell\multiwork\experiment_58\included\__20221028_10032\speech_r\cam03.wav,0
5801,__20191122_24290,1595.83356,59.8005600000001,895,1596.838688,60.8056880000001,925,make,we are going to make a sandwich,C:\bell\multiwork\experiment_58\included\__20191122_24290\cam07_frames_p,C:\bell\multiwork\experiment_58\included\__20191122_24290\speech_r\cam04.wav,46981
5802,__20191206_24543,1986.137568,158.870568,3867,1987.081766,159.814766,3895,make,make one for me,C:\bell\multiwork\experiment_58\included\__20191206_24543\cam07_frames_p,C:\bell\multiwork\experiment_58\included\__20191206_24543\speech_r\cam05.wav,55718
5802,__20191206_24543,2053.633037,226.366037,5892,2056.920445,229.653445,5991,make,what if i if i make one and i eat it will you eat your,C:\bell\multiwork\experiment_58\included\__20191206_24543\cam07_frames_p,C:\bell\multiwork\experiment_58\included\__20191206_24543\speech_r\cam05.wav,55718
5802,__20191206_24543,2160.99615,333.72915,9113,2161.875577,334.608577,9139,make,should i make another one,C:\bell\multiwork\experiment_58\included\__20191206_24543\cam07_frames_p,C:\bell\multiwork\experiment_58\included\__20191206_24543\speech_r\cam05.wav,55718
5802,__20191206_24543,2165.241662,337.974662,9240,2166.090764,338.823764,9266,make,i am going to make another one,C:\bell\multiwork\experiment_58\included\__20191206_24543\cam07_frames_p,C:\bell\multiwork\experiment_58\included\__20191206_24543\speech_r\cam05.wav,55718
5802,__20191206_24543,2307.340309,480.073309,13503,2308.285106,481.018106,13532,make,can we make another one,C:\bell\multiwork\experiment_58\included\__20191206_24543\cam07_frames_p,C:\bell\multiwork\experiment_58\included\__20191206_24543\speech_r\cam05.wav,55718
5804,__20191219_24593,1498.508861,48.375861,552,1500.436446,50.3034459999999,610,make,we are going to make you a peanut_butter and jelly sandwich,C:\bell\multiwork\experiment_58\included\__20191219_24593\cam07_frames_p,C:\bell\multiwork\experiment_58\included\__20191219_24593\speech_r\cam04.wav,44404
5804,__20191219_24593,1532.557402,82.4244019999999,1574,1535.964219,85.8312189999999,1676,make,debate on how to make a peanut_butter and jelly some people,C:\bell\multiwork\experiment_58\included\__20191219_24593\cam07_frames_p,C:\bell\multiwork\experiment_58\included\__20191219_24593\speech_r\cam04.wav,44404
5804,__20191219_24593,1641.454478,191.321478,4841,1643.339519,193.206519,4897,make,going to make another peanut_butter and jelly sandwich,C:\bell\multiwork\experiment_58\included\__20191219_24593\cam07_frames_p,C:\bell\multiwork\experiment_58\included\__20191219_24593\speech_r\cam04.wav,44404
5804,__20191219_24593,1739.090403,288.957403,7770,1741.139075,291.006075,7831,make,make two more peanut_butter and jelly sandwich,C:\bell\multiwork\experiment_58\included\__20191219_24593\cam07_frames_p,C:\bell\multiwork\experiment_58\included\__20191219_24593\speech_r\cam04.wav,44404
5805,__20200120_24131,1581.910801,52.043801,662,1583.456715,53.5897150000001,709,make,here we will make a sandwhich okay,C:\bell\multiwork\experiment_58\included\__20200120_24131\cam07_frames_p,C:\bell\multiwork\experiment_58\included\__20200120_24131\speech_r\cam04.wav,46796
5805,__20200120_24131,1651.935746,122.068746,2763,1653.185183,123.318183,2801,make,we are going to make another one,C:\bell\multiwork\experiment_58\included\__20200120_24131\cam07_frames_p,C:\bell\multiwork\experiment_58\included\__20200120_24131\speech_r\cam04.wav,46796
5805,__20200120_24131,1656.029947,126.162947,2886,1657.462917,127.595917,2929,make,yes let us make another one,C:\bell\multiwork\experiment_58\included\__20200120_24131\cam07_frames_p,C:\bell\multiwork\experiment_58\included\__20200120_24131\speech_r\cam04.wav,46796
5805,__20200120_24131,1724.63251,194.76551,4944,1726.566667,196.699667,5002,make,i am going to make i am going to make another one,C:\bell\multiwork\experiment_58\included\__20200120_24131\cam07_frames_p,C:\bell\multiwork\experiment_58\included\__20200120_24131\speech_r\cam04.wav,46796
5805,__20200120_24131,1734.663301,204.796301,5245,1736.350394,206.483394,5296,make,we are making all the sandwhich oh,C:\bell\multiwork\experiment_58\included\__20200120_24131\cam07_frames_p,C:\bell\multiwork\experiment_58\included\__20200120_24131\speech_r\cam04.wav,46796
5805,__20200120_24131,1743.303475,213.436475,5504,1744.425851,214.558851,5538,make,okay i will make one more,C:\bell\multiwork\experiment_58\included\__20200120_24131\cam07_frames_p,C:\bell\multiwork\experiment_58\included\__20200120_24131\speech_r\cam04.wav,46796
5807,__20200221_23185,2049.351508,34.9845080000002,151,2050.371207,36.0042070000002,181,make,want to make a sandwich,C:\bell\multiwork\experiment_58\included\__20200221_23185\cam07_frames_p,C:\bell\multiwork\experiment_58\included\__20200221_23185\speech_r\cam05.wav,61331
5807,__20200221_23185,2052.824128,38.4571280000002,255,2053.818759,39.4517589999998,285,make,should we make a sandwich,C:\bell\multiwork\experiment_58\included\__20200221_23185\cam07_frames_p,C:\bell\multiwork\experiment_58\included\__20200221_23185\speech_r\cam05.wav,61331
5807,__20200221_23185,2135.783108,121.416108,2743,2136.522725,122.155725,2766,make,should we make you one,C:\bell\multiwork\experiment_58\included\__20200221_23185\cam07_frames_p,C:\bell\multiwork\experiment_58\included\__20200221_23185\speech_r\cam05.wav,61331
5810,__20200303_23518,1666.246272,69.2462720000001,1178,1668.827942,71.8279419999999,1256,make,that is exciting oh you want me to make you a sandwich,C:\bell\multiwork\experiment_58\included\__20200303_23518\cam07_frames_p,C:\bell\multiwork\experiment_58\included\__20200303_23518\speech_r\cam04_5810.wav,48810
5810,__20200303_23518,1722.420444,125.420444,2864,1723.488543,126.488543,2896,make,did mommy make a mess,C:\bell\multiwork\experiment_58\included\__20200303_23518\cam07_frames_p,C:\bell\multiwork\experiment_58\included\__20200303_23518\speech_r\cam04_5810.wav,48810
5810,__20200303_23518,1781.200966,184.200966,4627,1782.869981,185.869981,4677,make,mommy is going to make another sandwich,C:\bell\multiwork\experiment_58\included\__20200303_23518\cam07_frames_p,C:\bell\multiwork\experiment_58\included\__20200303_23518\speech_r\cam04_5810.wav,48810
5810,__20200303_23518,1874.539005,277.539005,7427,1875.925089,278.925089,7469,make,did that make a loud sound,C:\bell\multiwork\experiment_58\included\__20200303_23518\cam07_frames_p,C:\bell\multiwork\experiment_58\included\__20200303_23518\speech_r\cam04_5810.wav,48810
5810,__20200303_23518,1886.567261,289.567261,7788,1891.359533,294.359533,7932,make,you think i should take a drink oh it is very hard making peanut_butter and jelly sandwich,C:\bell\multiwork\experiment_58\included\__20200303_23518\cam07_frames_p,C:\bell\multiwork\experiment_58\included\__20200303_23518\speech_r\cam04_5810.wav,48810
5810,__20200303_23518,1898.640547,301.640547,8150,1902.456353,305.456353,8265,make,yes are you enjoying that i am going to make one more sandwich okay buddy,C:\bell\multiwork\experiment_58\included\__20200303_23518\cam07_frames_p,C:\bell\multiwork\experiment_58\included\__20200303_23518\speech_r\cam04_5810.wav,48810
5810,__20200303_23518,1903.687521,306.687521,8302,1907.299491,310.299491,8410,make,you are all done okay i am going to make one more sandwich can you watch me,C:\bell\multiwork\experiment_58\included\__20200303_23518\cam07_frames_p,C:\bell\multiwork\experiment_58\included\__20200303_23518\speech_r\cam04_5810.wav,48810
5810,__20200303_23518,1947.120848,350.120848,9605,1948.17264,351.17264,9636,make,we should just keep making them,C:\bell\multiwork\experiment_58\included\__20200303_23518\cam07_frames_p,C:\bell\multiwork\experiment_58\included\__20200303_23518\speech_r\cam04_5810.wav,48810
5811,__20200306_24498,1194.767012,89.2340120000001,1778,1195.608045,90.075045,1803,make,mommy is making a mess,C:\bell\multiwork\experiment_58\included\__20200306_24498\cam07_frames_p,C:\bell\multiwork\experiment_58\included\__20200306_24498\speech_r\cam04.wav,34066
5811,__20200306_24498,1198.196087,92.6630870000001,1881,1199.99585,94.4628500000001,1935,make,she does not make peanut_butter and jelly sandwich,C:\bell\multiwork\experiment_58\included\__20200306_24498\cam07_frames_p,C:\bell\multiwork\experiment_58\included\__20200306_24498\speech_r\cam04.wav,34066
5812,__20200309_24826,858.963674,34.230674,128,860.098803,35.365803,162,make,we are going to make a sandwich,C:\bell\multiwork\experiment_58\included\__20200309_24826\cam07_frames_p,C:\bell\multiwork\experiment_58\included\__20200309_24826\speech_r\cam04.wav,25642
5812,__20200309_24826,1018.673265,193.940265,4919,1020.637336,195.904336,4978,make,are you confused as to why i am still making some,C:\bell\multiwork\experiment_58\included\__20200309_24826\cam07_frames_p,C:\bell\multiwork\experiment_58\included\__20200309_24826\speech_r\cam04.wav,25642
5814,__20211213_10008,44.934859,72.367859,1272,46.876517,74.309517,1330,make,oh we are going to make a sandwich,C:\bell\multiwork\experiment_58\included\__20211213_10008\cam07_frames_p,C:\bell\multiwork\experiment_58\included\__20211213_10008\speech_r\cam03.wav,77
5814,__20211213_10008,105.999513,133.432513,3104,107.195311,134.628311,3140,make,now let us make another one oh,C:\bell\multiwork\experiment_58\included\__20211213_10008\cam07_frames_p,C:\bell\multiwork\experiment_58\included\__20211213_10008\speech_r\cam03.wav,77
5814,__20211213_10008,108.402606,135.835606,3176,109.309399,136.742399,3203,make,let us make another one,C:\bell\multiwork\experiment_58\included\__20211213_10008\cam07_frames_p,C:\bell\multiwork\experiment_58\included\__20211213_10008\speech_r\cam03.wav,77
5814,__20211213_10008,220.336909,247.769909,6534,222.073372,249.506372,6586,make,now we are going to make two more sandwich,C:\bell\multiwork\experiment_58\included\__20211213_10008\cam07_frames_p,C:\bell\multiwork\experiment_58\included\__20211213_10008\speech_r\cam03.wav,77
5814,__20211213_10008,265.923884,293.356884,7902,267.19729,294.63029,7940,make,we are making lot of sandwich,C:\bell\multiwork\experiment_58\included\__20211213_10008\cam07_frames_p,C:\bell\multiwork\experiment_58\included\__20211213_10008\speech_r\cam03.wav,77
5815,__20220314_10020,147.304712,177.271712,4419,148.378386,178.345386,4451,make,okay going to make two more,C:\bell\multiwork\experiment_58\included\__20220314_10020\cam07_frames_p,C:\bell\multiwork\experiment_58\included\__20220314_10020\speech_r\cam03.wav,1
5817,__20220325_10016,0,30,1,1.447047,31.447047,44,make,and we make a sandwich,C:\bell\multiwork\experiment_58\included\__20220325_10016\cam07_frames_p,C:\bell\multiwork\experiment_58\included\__20220325_10016\speech_r\cam03.wav,0
5817,__20220325_10016,150.284767,180.284767,4510,151.456422,181.456422,4545,make,make a sandwich,C:\bell\multiwork\experiment_58\included\__20220325_10016\cam07_frames_p,C:\bell\multiwork\experiment_58\included\__20220325_10016\speech_r\cam03.wav,0
5824,__20221016_10037,6.39416,36.39416,193,7.517646,37.517646,227,make,we are making a sandwich,C:\bell\multiwork\experiment_58\included\__20221016_10037\cam07_frames_p,C:\bell\multiwork\experiment_58\included\__20221016_10037\speech_r\cam03.wav,0
5824,__20221016_10037,82.000595,112.000595,2461,83.32619,113.32619,2501,make,we are going to make another one though,C:\bell\multiwork\experiment_58\included\__20221016_10037\cam07_frames_p,C:\bell\multiwork\experiment_58\included\__20221016_10037\speech_r\cam03.wav,0
5824,__20221016_10037,106.158513,136.158513,3186,107.305776,137.305776,3220,make,got to make it all even,C:\bell\multiwork\experiment_58\included\__20221016_10037\cam07_frames_p,C:\bell\multiwork\experiment_58\included\__20221016_10037\speech_r\cam03.wav,0
5824,__20221016_10037,133.49865,163.49865,4006,135.733733,165.733733,4073,make,alright making you a jam,C:\bell\multiwork\experiment_58\included\__20221016_10037\cam07_frames_p,C:\bell\multiwork\experiment_58\included\__20221016_10037\speech_r\cam03.wav,0
5824,__20221016_10037,223.551884,253.551884,6708,225.220271,255.220271,6758,make,alright we are going to make two more,C:\bell\multiwork\experiment_58\included\__20221016_10037\cam07_frames_p,C:\bell\multiwork\experiment_58\included\__20221016_10037\speech_r\cam03.wav,0
5824,__20221016_10037,261.74644,291.74644,7853,262.705465,292.705465,7882,make,make another one,C:\bell\multiwork\experiment_58\included\__20221016_10037\cam07_frames_p,C:\bell\multiwork\experiment_58\included\__20221016_10037\speech_r\cam03.wav,0
5824,__20221016_10037,283.970456,313.970456,8520,284.794742,314.794742,8545,make,we make one more,C:\bell\multiwork\experiment_58\included\__20221016_10037\cam07_frames_p,C:\bell\multiwork\experiment_58\included\__20221016_10037\speech_r\cam03.wav,0
5801,__20191122_24290,1616.29193,80.2589300000002,1509,1616.746805,80.7138050000001,1522,put,put extra,C:\bell\multiwork\experiment_58\included\__20191122_24290\cam07_frames_p,C:\bell\multiwork\experiment_58\included\__20191122_24290\speech_r\cam04.wav,46981
5801,__20191122_24290,1866.227401,330.194401,9007,1866.71896,330.68596,9022,put,just put it there,C:\bell\multiwork\experiment_58\included\__20191122_24290\cam07_frames_p,C:\bell\multiwork\experiment_58\included\__20191122_24290\speech_r\cam04.wav,46981
5801,__20191122_24290,1923.365571,387.332571,10721,1924.139592,388.106592,10744,put,just put in your tray,C:\bell\multiwork\experiment_58\included\__20191122_24290\cam07_frames_p,C:\bell\multiwork\experiment_58\included\__20191122_24290\speech_r\cam04.wav,46981
5802,__20191206_24543,2061.287258,234.020258,6122,2062.864162,235.597162,6169,put,put the jelly on,C:\bell\multiwork\experiment_58\included\__20191206_24543\cam07_frames_p,C:\bell\multiwork\experiment_58\included\__20191206_24543\speech_r\cam05.wav,55718
5802,__20191206_24543,2342.298479,515.031479,14552,2348.055586,520.788586,14725,put,you put everything in your mouth except food and today you love food but for whatever reason you are not trying this,C:\bell\multiwork\experiment_58\included\__20191206_24543\cam07_frames_p,C:\bell\multiwork\experiment_58\included\__20191206_24543\speech_r\cam05.wav,55718
5804,__20191219_24593,1536.870741,86.7377409999999,1703,1539.187769,89.0547689999999,1773,put,will put the peanut_butter and the jelly on one slice,C:\bell\multiwork\experiment_58\included\__20191219_24593\cam07_frames_p,C:\bell\multiwork\experiment_58\included\__20191219_24593\speech_r\cam04.wav,44404
5804,__20191219_24593,1542.794218,92.661218,1881,1543.147663,93.0146629999999,1891,put,put it on,C:\bell\multiwork\experiment_58\included\__20191219_24593\cam07_frames_p,C:\bell\multiwork\experiment_58\included\__20191219_24593\speech_r\cam04.wav,44404
5804,__20191219_24593,1727.482351,277.349351,7421,1728.958311,278.825311,7466,put,i guess put the soda in the mug,C:\bell\multiwork\experiment_58\included\__20191219_24593\cam07_frames_p,C:\bell\multiwork\experiment_58\included\__20191219_24593\speech_r\cam04.wav,44404
5805,__20200120_24131,1647.88037,118.01337,2641,1648.692151,118.825151,2666,put,let us put that here,C:\bell\multiwork\experiment_58\included\__20200120_24131\cam07_frames_p,C:\bell\multiwork\experiment_58\included\__20200120_24131\speech_r\cam04.wav,46796
5805,__20200120_24131,1686.0482,156.1812,3786,1687.678822,157.811822,3835,put,i got to put the peanut_butter on it okay,C:\bell\multiwork\experiment_58\included\__20200120_24131\cam07_frames_p,C:\bell\multiwork\experiment_58\included\__20200120_24131\speech_r\cam04.wav,46796
5805,__20200120_24131,1753.066026,223.199026,5797,1754.386052,224.519052,5837,put,you want me to put it there,C:\bell\multiwork\experiment_58\included\__20200120_24131\cam07_frames_p,C:\bell\multiwork\experiment_58\included\__20200120_24131\speech_r\cam04.wav,46796
5806,__20220626_10023,349.052411,72.119411,1265,350.533118,73.600118,1309,put,eat this then i will put some more on it,C:\bell\multiwork\experiment_58\included\__20220626_10023\cam07_frames_p,C:\bell\multiwork\experiment_58\included\__20220626_10023\speech_r\cam04.wav,9208
5810,__20200303_23518,1681.196697,84.1966970000001,1627,1684.017784,87.0177839999999,1712,put,one two oh should we put some peanut_butter on it,C:\bell\multiwork\experiment_58\included\__20200303_23518\cam07_frames_p,C:\bell\multiwork\experiment_58\included\__20200303_23518\speech_r\cam04_5810.wav,48810
5810,__20200303_23518,1975.046349,378.046349,10442,1976.416125,379.416125,10483,put,i will put all of these here,C:\bell\multiwork\experiment_58\included\__20200303_23518\cam07_frames_p,C:\bell\multiwork\experiment_58\included\__20200303_23518\speech_r\cam04_5810.wav,48810
5810,__20200303_23518,1982.286595,385.286595,10660,1983.167166,386.167166,10686,put,i am going to put,C:\bell\multiwork\experiment_58\included\__20200303_23518\cam07_frames_p,C:\bell\multiwork\experiment_58\included\__20200303_23518\speech_r\cam04_5810.wav,48810
5810,__20200303_23518,1988.450589,391.450589,10845,1991.442898,394.442898,10934,put,and then let us put the jelly top back on,C:\bell\multiwork\experiment_58\included\__20200303_23518\cam07_frames_p,C:\bell\multiwork\experiment_58\included\__20200303_23518\speech_r\cam04_5810.wav,48810
5813,__20211209_10011,123.938052,44.338052,431,125.11066,45.51066,466,put,put it on there yes,C:\bell\multiwork\experiment_58\included\__20211209_10011\cam07_frames_p,C:\bell\multiwork\experiment_58\included\__20211209_10011\speech_r\cam03.wav,3288
5813,__20211209_10011,134.683086,55.083086,753,136.500048,56.900048,808,put,now put it on here like this,C:\bell\multiwork\experiment_58\included\__20211209_10011\cam07_frames_p,C:\bell\multiwork\experiment_58\included\__20211209_10011\speech_r\cam03.wav,3288
5814,__20211213_10008,48.819688,76.252688,1389,52.821011,80.254011,1509,put,does that not smell good here you take a knife and you put on huh look at this,C:\bell\multiwork\experiment_58\included\__20211213_10008\cam07_frames_p,C:\bell\multiwork\experiment_58\included\__20211213_10008\speech_r\cam03.wav,77
5814,__20211213_10008,55.350583,82.783583,1585,56.868218,84.301218,1630,put,put the peanut_butter on the bread,C:\bell\multiwork\experiment_58\included\__20211213_10008\cam07_frames_p,C:\bell\multiwork\experiment_58\included\__20211213_10008\speech_r\cam03.wav,77
5814,__20211213_10008,58.041128,85.474128,1665,59.328208,86.761208,1704,put,put the peanut_butter on the bread,C:\bell\multiwork\experiment_58\included\__20211213_10008\cam07_frames_p,C:\bell\multiwork\experiment_58\included\__20211213_10008\speech_r\cam03.wav,77
5814,__20211213_10008,76.667976,104.100976,2224,78.346692,105.779692,2274,put,and you put it on the other piece of bread,C:\bell\multiwork\experiment_58\included\__20211213_10008\cam07_frames_p,C:\bell\multiwork\experiment_58\included\__20211213_10008\speech_r\cam03.wav,77
5814,__20211213_10008,121.130952,148.563952,3558,122.429341,149.862341,3597,put,put peanut_butter on the knife,C:\bell\multiwork\experiment_58\included\__20211213_10008\cam07_frames_p,C:\bell\multiwork\experiment_58\included\__20211213_10008\speech_r\cam03.wav,77
5814,__20211213_10008,156.050544,183.483544,4606,157.081423,184.514423,4636,put,put the piece together,C:\bell\multiwork\experiment_58\included\__20211213_10008\cam07_frames_p,C:\bell\multiwork\experiment_58\included\__20211213_10008\speech_r\cam03.wav,77
5814,__20211213_10008,157.867236,185.300236,4660,158.808239,186.241239,4688,put,put the piece together,C:\bell\multiwork\experiment_58\included\__20211213_10008\cam07_frames_p,C:\bell\multiwork\experiment_58\included\__20211213_10008\speech_r\cam03.wav,77
5817,__20220325_10016,77.373636,107.373636,2322,87.028338,117.028338,2612,put,so you  put a little bit of jelly on top of the slice and then you spread it evenly across the bread oh very good,C:\bell\multiwork\experiment_58\included\__20220325_10016\cam07_frames_p,C:\bell\multiwork\experiment_58\included\__20220325_10016\speech_r\cam03.wav,0
5817,__20220325_10016,236.179205,266.179205,7086,237.030531,267.030531,7112,put,put it on your tray,C:\bell\multiwork\experiment_58\included\__20220325_10016\cam07_frames_p,C:\bell\multiwork\experiment_58\included\__20220325_10016\speech_r\cam03.wav,0
5817,__20220325_10016,252.224531,282.224531,7568,253.482761,283.482761,7605,put,you are going to put it on top of your water,C:\bell\multiwork\experiment_58\included\__20220325_10016\cam07_frames_p,C:\bell\multiwork\experiment_58\included\__20220325_10016\speech_r\cam03.wav,0
5824,__20221016_10037,21.082697,51.082697,633,23.367316,53.367316,702,put,see first we put the peanut_butter on,C:\bell\multiwork\experiment_58\included\__20221016_10037\cam07_frames_p,C:\bell\multiwork\experiment_58\included\__20221016_10037\speech_r\cam03.wav,0
5824,__20221016_10037,87.497156,117.497156,2626,88.793028,118.793028,2665,put,we will put that one there,C:\bell\multiwork\experiment_58\included\__20221016_10037\cam07_frames_p,C:\bell\multiwork\experiment_58\included\__20221016_10037\speech_r\cam03.wav,0
5824,__20221016_10037,287.331006,317.331006,8621,288.825024,318.825024,8666,put,put peanut_butter,C:\bell\multiwork\experiment_58\included\__20221016_10037\cam07_frames_p,C:\bell\multiwork\experiment_58\included\__20221016_10037\speech_r\cam03.wav,0
5824,__20221016_10037,314.397702,344.397702,9433,315.737166,345.737166,9473,put,do not put so much in your mouth,C:\bell\multiwork\experiment_58\included\__20221016_10037\cam07_frames_p,C:\bell\multiwork\experiment_58\included\__20221016_10037\speech_r\cam03.wav,0
5825,__20221023_10035,270.130486,34.097486,124,272.389533,36.356533,192,put,jelly we are putting strawberry jelly,C:\bell\multiwork\experiment_58\included\__20221023_10035\cam07_frames_p,C:\bell\multiwork\experiment_58\included\__20221023_10035\speech_r\cam04.wav,7981
5825,__20221023_10035,307.242508,71.209508,1237,308.977356,72.944356,1289,put,speechx puts peanut_butter on the speechx,C:\bell\multiwork\experiment_58\included\__20221023_10035\cam07_frames_p,C:\bell\multiwork\experiment_58\included\__20221023_10035\speech_r\cam04.wav,7981
5825,__20221023_10035,409.174198,173.141198,4295,410.977692,174.944692,4349,put,put it on ready vocplayx,C:\bell\multiwork\experiment_58\included\__20221023_10035\cam07_frames_p,C:\bell\multiwork\experiment_58\included\__20221023_10035\speech_r\cam04.wav,7981
5825,__20221023_10035,426.148252,190.115252,4804,427.970467,191.937467,4859,put,and then we will put the here,C:\bell\multiwork\experiment_58\included\__20221023_10035\cam07_frames_p,C:\bell\multiwork\experiment_58\included\__20221023_10035\speech_r\cam04.wav,7981
5825,__20221023_10035,428.463463,192.430463,4874,430.023579,193.990579,4921,put,put the lid on,C:\bell\multiwork\experiment_58\included\__20221023_10035\cam07_frames_p,C:\bell\multiwork\experiment_58\included\__20221023_10035\speech_r\cam04.wav,7981
5825,__20221023_10035,432.001805,195.968805,4980,434.354458,198.321458,5051,put,all done clean up put the lid on,C:\bell\multiwork\experiment_58\included\__20221023_10035\cam07_frames_p,C:\bell\multiwork\experiment_58\included\__20221023_10035\speech_r\cam04.wav,7981
5808,__20200227_24641,2180.526529,187.193529,4717,2183.152188,189.819188,4796,reach,you you cannot reach for more when you still have some in your mouth,C:\bell\multiwork\experiment_58\included\__20200227_24641\cam07_frames_p,C:\bell\multiwork\experiment_58\included\__20200227_24641\speech_r\cam04.wav,60700
5803,__20191217_24596,1464.865938,208.632938,5360,1468.473403,212.240403,5468,scoop,i should have should have probably used the fork for the jelly so i could just scooped it,C:\bell\multiwork\experiment_58\included\__20191217_24596\cam07_frames_p,C:\bell\multiwork\experiment_58\included\__20191217_24596\speech_r\cam04.wav,38587
5804,__20191219_24593,1519.938104,69.805104,1195,1523.210744,73.0777439999999,1293,spread,oh my goodness i am going to spread the peanut_butter on one side,C:\bell\multiwork\experiment_58\included\__20191219_24593\cam07_frames_p,C:\bell\multiwork\experiment_58\included\__20191219_24593\speech_r\cam04.wav,44404
5812,__20200309_24826,909.653116,84.920116,1649,910.575073,85.842073,1676,spread,spread it on,C:\bell\multiwork\experiment_58\included\__20200309_24826\cam07_frames_p,C:\bell\multiwork\experiment_58\included\__20200309_24826\speech_r\cam04.wav,25642
5813,__20211209_10011,141.196283,61.596283,949,142.159912,62.559912,978,spread,spread it around,C:\bell\multiwork\experiment_58\included\__20211209_10011\cam07_frames_p,C:\bell\multiwork\experiment_58\included\__20211209_10011\speech_r\cam03.wav,3288
5813,__20211209_10011,383.69388,304.09388,8224,385.417961,305.817961,8276,spread,and jelly spread it out here,C:\bell\multiwork\experiment_58\included\__20211209_10011\cam07_frames_p,C:\bell\multiwork\experiment_58\included\__20211209_10011\speech_r\cam03.wav,3288
5813,__20211209_10011,463.280274,383.680274,10611,464.667666,385.067666,10653,spread,spread it around,C:\bell\multiwork\experiment_58\included\__20211209_10011\cam07_frames_p,C:\bell\multiwork\experiment_58\included\__20211209_10011\speech_r\cam03.wav,3288
5814,__20211213_10008,82.026069,109.459069,2385,86.089031,113.522031,2507,spread,oh spread it spread it spread oh spread it look at that,C:\bell\multiwork\experiment_58\included\__20211213_10008\cam07_frames_p,C:\bell\multiwork\experiment_58\included\__20211213_10008\speech_r\cam03.wav,77
5814,__20211213_10008,123.947976,151.380976,3642,127.109941,154.542941,3737,spread,and then you spread it on a piece of bread like this,C:\bell\multiwork\experiment_58\included\__20211213_10008\cam07_frames_p,C:\bell\multiwork\experiment_58\included\__20211213_10008\speech_r\cam03.wav,77
5814,__20211213_10008,144.414513,171.847513,4256,145.466416,172.899416,4288,spread,spread it on,C:\bell\multiwork\experiment_58\included\__20211213_10008\cam07_frames_p,C:\bell\multiwork\experiment_58\included\__20211213_10008\speech_r\cam03.wav,77
5814,__20211213_10008,291.228008,318.661008,8661,292.178239,319.611239,8689,spread,spread it on the bread,C:\bell\multiwork\experiment_58\included\__20211213_10008\cam07_frames_p,C:\bell\multiwork\experiment_58\included\__20211213_10008\speech_r\cam03.wav,77
5814,__20211213_10008,295.024109,322.457109,8775,296.123869,323.556869,8808,spread,spread it on the bread,C:\bell\multiwork\experiment_58\included\__20211213_10008\cam07_frames_p,C:\bell\multiwork\experiment_58\included\__20211213_10008\speech_r\cam03.wav,77
5814,__20211213_10008,306.412412,333.845412,9116,307.729229,335.162229,9156,spread,and spread it on the other piece,C:\bell\multiwork\experiment_58\included\__20211213_10008\cam07_frames_p,C:\bell\multiwork\experiment_58\included\__20211213_10008\speech_r\cam03.wav,77
5817,__20220325_10016,77.373636,107.373636,2322,87.028338,117.028338,2612,spread,so you  put a little bit of jelly on top of the slice and then you spread it evenly across the bread oh very good,C:\bell\multiwork\experiment_58\included\__20220325_10016\cam07_frames_p,C:\bell\multiwork\experiment_58\included\__20220325_10016\speech_r\cam03.wav,0
5817,__20220325_10016,116.394722,146.394722,3493,120.133893,150.133893,3605,spread,get some out of the jar and we are going to spread that,C:\bell\multiwork\experiment_58\included\__20220325_10016\cam07_frames_p,C:\bell\multiwork\experiment_58\included\__20220325_10016\speech_r\cam03.wav,0
5825,__20221023_10035,292.359009,56.326009,791,294.243628,58.210628,847,spread,mommy is spreading spread spread spread,C:\bell\multiwork\experiment_58\included\__20221023_10035\cam07_frames_p,C:\bell\multiwork\experiment_58\included\__20221023_10035\speech_r\cam04.wav,7981
5825,__20221023_10035,295.803743,59.770743,894,296.558839,60.525839,917,spread,spread spread,C:\bell\multiwork\experiment_58\included\__20221023_10035\cam07_frames_p,C:\bell\multiwork\experiment_58\included\__20221023_10035\speech_r\cam04.wav,7981
5802,__20191206_24543,2005.307144,178.040144,4442,2007.156974,179.889974,4498,try,you could try it is it too big,C:\bell\multiwork\experiment_58\included\__20191206_24543\cam07_frames_p,C:\bell\multiwork\experiment_58\included\__20191206_24543\speech_r\cam05.wav,55718
5802,__20191206_24543,2185.86176,358.59476,9859,2186.893775,359.626775,9890,try,you want to try some of the fruit,C:\bell\multiwork\experiment_58\included\__20191206_24543\cam07_frames_p,C:\bell\multiwork\experiment_58\included\__20191206_24543\speech_r\cam05.wav,55718
5802,__20191206_24543,2234.200914,406.933914,11309,2235.032891,407.765891,11334,try,you going to try it,C:\bell\multiwork\experiment_58\included\__20191206_24543\cam07_frames_p,C:\bell\multiwork\experiment_58\included\__20191206_24543\speech_r\cam05.wav,55718
5802,__20191206_24543,2245.633472,418.366472,11652,2246.482575,419.215575,11677,try,you can try it,C:\bell\multiwork\experiment_58\included\__20191206_24543\cam07_frames_p,C:\bell\multiwork\experiment_58\included\__20191206_24543\speech_r\cam05.wav,55718
5802,__20191206_24543,2261.92133,434.65433,12141,2262.736822,435.469822,12165,try,you can try it,C:\bell\multiwork\experiment_58\included\__20191206_24543\cam07_frames_p,C:\bell\multiwork\experiment_58\included\__20191206_24543\speech_r\cam05.wav,55718
5802,__20191206_24543,2342.298479,515.031479,14552,2348.055586,520.788586,14725,try,you put everything in your mouth except food and today you love food but for whatever reason you are not trying this,C:\bell\multiwork\experiment_58\included\__20191206_24543\cam07_frames_p,C:\bell\multiwork\experiment_58\included\__20191206_24543\speech_r\cam05.wav,55718
5810,__20200303_23518,1753.623624,156.623624,3800,1756.16238,159.16238,3876,try,do you want to try the peanut_butter and jelly sandwich i made,C:\bell\multiwork\experiment_58\included\__20200303_23518\cam07_frames_p,C:\bell\multiwork\experiment_58\included\__20200303_23518\speech_r\cam04_5810.wav,48810
5811,__20200306_24498,1249.130889,143.597889,3409,1250.168635,144.635635,3440,try,you want to try something new,C:\bell\multiwork\experiment_58\included\__20200306_24498\cam07_frames_p,C:\bell\multiwork\experiment_58\included\__20200306_24498\speech_r\cam04.wav,34066
5812,__20200309_24826,1088.078649,263.345649,7001,1091.082514,266.349514,7091,try,just try it oh you want this one because it only has peanut_butter oh,C:\bell\multiwork\experiment_58\included\__20200309_24826\cam07_frames_p,C:\bell\multiwork\experiment_58\included\__20200309_24826\speech_r\cam04.wav,25642
5814,__20211213_10008,38.000019,65.433019,1064,39.088767,66.521767,1097,try,want to try some,C:\bell\multiwork\experiment_58\included\__20211213_10008\cam07_frames_p,C:\bell\multiwork\experiment_58\included\__20211213_10008\speech_r\cam03.wav,77
5814,__20211213_10008,162.477956,189.910956,4798,163.616263,191.049263,4832,try,and then do you want to try it,C:\bell\multiwork\experiment_58\included\__20211213_10008\cam07_frames_p,C:\bell\multiwork\experiment_58\included\__20211213_10008\speech_r\cam03.wav,77
5816,__20220316_10015,445.117121,475.084121,13354,445.984352,475.951352,13380,try,you want to try it,C:\bell\multiwork\experiment_58\included\__20220316_10015\cam07_frames_p,C:\bell\multiwork\experiment_58\included\__20220316_10015\speech_r\cam03.wav,1
5824,__20221016_10037,84.221808,114.221808,2528,85.983323,115.983323,2580,try,see we are going to try that again,C:\bell\multiwork\experiment_58\included\__20221016_10037\cam07_frames_p,C:\bell\multiwork\experiment_58\included\__20221016_10037\speech_r\cam03.wav,0
5824,__20221016_10037,146.405857,176.405857,4393,147.265809,177.265809,4419,try,you want to try it,C:\bell\multiwork\experiment_58\included\__20221016_10037\cam07_frames_p,C:\bell\multiwork\experiment_58\included\__20221016_10037\speech_r\cam03.wav,0
5824,__20221016_10037,149.175933,179.175933,4476,149.988331,179.988331,4501,try,you want to try it,C:\bell\multiwork\experiment_58\included\__20221016_10037\cam07_frames_p,C:\bell\multiwork\experiment_58\included\__20221016_10037\speech_r\cam03.wav,0
5824,__20221016_10037,160.244349,190.244349,4808,160.961637,190.961637,4830,try,you want to try this,C:\bell\multiwork\experiment_58\included\__20221016_10037\cam07_frames_p,C:\bell\multiwork\experiment_58\included\__20221016_10037\speech_r\cam03.wav,0
5802,__20191206_24543,1870.935313,43.6683129999999,411,1872.210329,44.9433289999999,449,twist,this is well twisted bread,C:\bell\multiwork\experiment_58\included\__20191206_24543\cam07_frames_p,C:\bell\multiwork\experiment_58\included\__20191206_24543\speech_r\cam05.wav,55718
5804,__20191219_24593,1547.974806,97.8418059999999,2036,1549.82712,99.6941199999999,2092,wipe,umm i am going to wipe this off,C:\bell\multiwork\experiment_58\included\__20191219_24593\cam07_frames_p,C:\bell\multiwork\experiment_58\included\__20191219_24593\speech_r\cam04.wav,44404
5810,__20200303_23518,1977.109167,380.109167,10504,1980.900512,383.900512,10618,wipe,and then we are going to clean up okay i am going to wipe my hand,C:\bell\multiwork\experiment_58\included\__20200303_23518\cam07_frames_p,C:\bell\multiwork\experiment_58\included\__20200303_23518\speech_r\cam04_5810.wav,48810
5810,__20200303_23518,2000.45244,403.45244,11205,2004.887906,407.887906,11338,wipe,you think they are sticky i am going to close up the bread and then i will come wipe down your hand okay,C:\bell\multiwork\experiment_58\included\__20200303_23518\cam07_frames_p,C:\bell\multiwork\experiment_58\included\__20200303_23518\speech_r\cam04_5810.wav,48810
